-- MySQL dump 10.13  Distrib 8.0.27, for Linux (x86_64)
--
-- Host: localhost    Database: course_project_SPDM
-- ------------------------------------------------------
-- Server version	8.0.27

/*!40101 SET @OLD_CHARACTER_SET_CLIENT=@@CHARACTER_SET_CLIENT */;
/*!40101 SET @OLD_CHARACTER_SET_RESULTS=@@CHARACTER_SET_RESULTS */;
/*!40101 SET @OLD_COLLATION_CONNECTION=@@COLLATION_CONNECTION */;
/*!50503 SET NAMES utf8mb4 */;
/*!40103 SET @OLD_TIME_ZONE=@@TIME_ZONE */;
/*!40103 SET TIME_ZONE='+00:00' */;
/*!40014 SET @OLD_UNIQUE_CHECKS=@@UNIQUE_CHECKS, UNIQUE_CHECKS=0 */;
/*!40014 SET @OLD_FOREIGN_KEY_CHECKS=@@FOREIGN_KEY_CHECKS, FOREIGN_KEY_CHECKS=0 */;
/*!40101 SET @OLD_SQL_MODE=@@SQL_MODE, SQL_MODE='NO_AUTO_VALUE_ON_ZERO' */;
/*!40111 SET @OLD_SQL_NOTES=@@SQL_NOTES, SQL_NOTES=0 */;

--
-- Table structure for table `groups_permissions`
--

DROP TABLE IF EXISTS `groups_permissions`;
/*!40101 SET @saved_cs_client     = @@character_set_client */;
/*!50503 SET character_set_client = utf8mb4 */;
CREATE TABLE `groups_permissions` (
  `group_id` int unsigned NOT NULL,
  `is_access` tinyint(1) NOT NULL DEFAULT '1',
  `date_created` timestamp NOT NULL DEFAULT CURRENT_TIMESTAMP,
  `date_modified` timestamp NULL DEFAULT CURRENT_TIMESTAMP ON UPDATE CURRENT_TIMESTAMP,
  PRIMARY KEY (`group_id`),
  CONSTRAINT `groups_permissions_ibfk_1` FOREIGN KEY (`group_id`) REFERENCES `projects` (`id`)
) ENGINE=InnoDB DEFAULT CHARSET=utf8mb4 COLLATE=utf8mb4_0900_ai_ci;
/*!40101 SET character_set_client = @saved_cs_client */;

--
-- Dumping data for table `groups_permissions`
--

LOCK TABLES `groups_permissions` WRITE;
/*!40000 ALTER TABLE `groups_permissions` DISABLE KEYS */;
INSERT INTO `groups_permissions` VALUES (1,1,'2022-04-27 21:15:39','2022-04-27 21:15:39'),(2,1,'2022-04-27 21:15:39','2022-04-27 21:15:39'),(3,1,'2022-04-27 21:15:39','2022-04-27 21:15:39'),(4,1,'2022-04-27 21:15:39','2022-04-27 21:15:39'),(5,0,'2022-04-27 21:15:39','2022-04-27 21:15:39');
/*!40000 ALTER TABLE `groups_permissions` ENABLE KEYS */;
UNLOCK TABLES;

--
-- Table structure for table `input_deck_content`
--

DROP TABLE IF EXISTS `input_deck_content`;
/*!40101 SET @saved_cs_client     = @@character_set_client */;
/*!50503 SET character_set_client = utf8mb4 */;
CREATE TABLE `input_deck_content` (
  `id` int unsigned NOT NULL AUTO_INCREMENT,
  `input_deck_id` int unsigned NOT NULL,
  `submodel_id` int unsigned NOT NULL,
  PRIMARY KEY (`id`),
  KEY `input_deck_id` (`input_deck_id`),
  KEY `submodel_id` (`submodel_id`),
  CONSTRAINT `input_deck_content_ibfk_1` FOREIGN KEY (`input_deck_id`) REFERENCES `input_decks` (`id`),
  CONSTRAINT `input_deck_content_ibfk_2` FOREIGN KEY (`submodel_id`) REFERENCES `submodels` (`id`)
) ENGINE=InnoDB AUTO_INCREMENT=13 DEFAULT CHARSET=utf8mb4 COLLATE=utf8mb4_0900_ai_ci;
/*!40101 SET character_set_client = @saved_cs_client */;

--
-- Dumping data for table `input_deck_content`
--

LOCK TABLES `input_deck_content` WRITE;
/*!40000 ALTER TABLE `input_deck_content` DISABLE KEYS */;
INSERT INTO `input_deck_content` VALUES (1,1,1),(2,1,6),(3,2,2),(4,2,7),(5,3,3),(6,3,8),(7,4,4),(8,4,9),(9,5,5),(10,5,10),(11,6,1),(12,6,6);
/*!40000 ALTER TABLE `input_deck_content` ENABLE KEYS */;
UNLOCK TABLES;

--
-- Table structure for table `input_decks`
--

DROP TABLE IF EXISTS `input_decks`;
/*!40101 SET @saved_cs_client     = @@character_set_client */;
/*!50503 SET character_set_client = utf8mb4 */;
CREATE TABLE `input_decks` (
  `id` int unsigned NOT NULL AUTO_INCREMENT,
  `name` varchar(255) NOT NULL,
  `project_id` int unsigned NOT NULL,
  `owner_id` int unsigned NOT NULL,
  `date_created` timestamp NOT NULL DEFAULT CURRENT_TIMESTAMP,
  `date_modified` timestamp NULL DEFAULT CURRENT_TIMESTAMP ON UPDATE CURRENT_TIMESTAMP,
  PRIMARY KEY (`id`),
  KEY `name` (`name`),
  KEY `project_id` (`project_id`),
  KEY `owner_id` (`owner_id`),
  CONSTRAINT `input_decks_ibfk_1` FOREIGN KEY (`project_id`) REFERENCES `projects` (`id`),
  CONSTRAINT `input_decks_ibfk_2` FOREIGN KEY (`owner_id`) REFERENCES `users` (`id`)
) ENGINE=InnoDB AUTO_INCREMENT=11 DEFAULT CHARSET=utf8mb4 COLLATE=utf8mb4_0900_ai_ci;
/*!40101 SET character_set_client = @saved_cs_client */;

--
-- Dumping data for table `input_decks`
--

LOCK TABLES `input_decks` WRITE;
/*!40000 ALTER TABLE `input_decks` DISABLE KEYS */;
INSERT INTO `input_decks` VALUES (1,'F32_Assembly_001',1,1,'2022-04-27 21:15:39','2022-04-27 21:15:39'),(2,'RR17_Assembly_001',2,2,'2022-04-27 21:15:39','2022-04-27 21:15:39'),(3,'BN15_Assembly_001',3,3,'2022-04-27 21:15:39','2022-04-27 21:15:39'),(4,'G99_Assembly_001',4,6,'2022-04-27 21:15:39','2022-04-27 21:15:39'),(5,'AU88_Assembly_001',5,8,'2022-04-27 21:15:39','2022-04-27 21:15:39'),(6,'F32_Assembly_002',1,4,'2022-04-27 21:15:39','2022-04-27 21:15:39'),(7,'RR17_Assembly_002',2,5,'2022-04-27 21:15:39','2022-04-27 21:15:39'),(8,'BN15_Assembly_002',3,7,'2022-04-27 21:15:39','2022-04-27 21:15:39'),(9,'G99_Assembly_002',4,10,'2022-04-27 21:15:39','2022-04-27 21:15:39'),(10,'AU88_Assembly_002',5,4,'2022-04-27 21:15:39','2022-04-27 21:15:39');
/*!40000 ALTER TABLE `input_decks` ENABLE KEYS */;
UNLOCK TABLES;

--
-- Table structure for table `project_team`
--

DROP TABLE IF EXISTS `project_team`;
/*!40101 SET @saved_cs_client     = @@character_set_client */;
/*!50503 SET character_set_client = utf8mb4 */;
CREATE TABLE `project_team` (
  `id` int unsigned NOT NULL AUTO_INCREMENT,
  `project_id` int unsigned NOT NULL,
  `user_id` int unsigned NOT NULL,
  `is_lead` tinyint(1) NOT NULL DEFAULT '0',
  `is_member` tinyint(1) NOT NULL DEFAULT '1',
  PRIMARY KEY (`id`),
  KEY `project_id` (`project_id`),
  KEY `user_id` (`user_id`),
  CONSTRAINT `project_team_ibfk_1` FOREIGN KEY (`project_id`) REFERENCES `projects` (`id`),
  CONSTRAINT `project_team_ibfk_2` FOREIGN KEY (`user_id`) REFERENCES `users` (`id`)
) ENGINE=InnoDB AUTO_INCREMENT=12 DEFAULT CHARSET=utf8mb4 COLLATE=utf8mb4_0900_ai_ci;
/*!40101 SET character_set_client = @saved_cs_client */;

--
-- Dumping data for table `project_team`
--

LOCK TABLES `project_team` WRITE;
/*!40000 ALTER TABLE `project_team` DISABLE KEYS */;
INSERT INTO `project_team` VALUES (1,1,1,0,1),(2,2,2,0,1),(3,3,3,0,1),(4,1,4,1,1),(5,5,4,1,1),(6,2,5,1,1),(7,4,6,0,1),(8,3,7,1,1),(9,5,8,1,1),(10,5,9,1,1),(11,4,10,1,1);
/*!40000 ALTER TABLE `project_team` ENABLE KEYS */;
UNLOCK TABLES;

--
-- Table structure for table `projects`
--

DROP TABLE IF EXISTS `projects`;
/*!40101 SET @saved_cs_client     = @@character_set_client */;
/*!50503 SET character_set_client = utf8mb4 */;
CREATE TABLE `projects` (
  `id` int unsigned NOT NULL AUTO_INCREMENT,
  `name` varchar(255) NOT NULL,
  `description` text,
  `owner_id` int unsigned NOT NULL,
  `date_created` timestamp NOT NULL DEFAULT CURRENT_TIMESTAMP,
  `date_modified` timestamp NULL DEFAULT CURRENT_TIMESTAMP ON UPDATE CURRENT_TIMESTAMP,
  PRIMARY KEY (`id`),
  KEY `name` (`name`),
  KEY `owner_id` (`owner_id`),
  CONSTRAINT `projects_ibfk_1` FOREIGN KEY (`owner_id`) REFERENCES `users` (`id`)
) ENGINE=InnoDB AUTO_INCREMENT=6 DEFAULT CHARSET=utf8mb4 COLLATE=utf8mb4_0900_ai_ci;
/*!40101 SET character_set_client = @saved_cs_client */;

--
-- Dumping data for table `projects`
--

LOCK TABLES `projects` WRITE;
/*!40000 ALTER TABLE `projects` DISABLE KEYS */;
INSERT INTO `projects` VALUES (1,'F32','German production',4,'2022-04-27 21:15:39','2022-04-27 21:15:39'),(2,'RR17','Belgium production',5,'2022-04-27 21:15:39','2022-04-27 21:15:39'),(3,'BN15','Austria production',7,'2022-04-27 21:15:39','2022-04-27 21:15:39'),(4,'G99','Norway production',10,'2022-04-27 21:15:39','2022-04-27 21:15:39'),(5,'AU88','Russia production',4,'2022-04-27 21:15:39','2022-04-27 21:15:39');
/*!40000 ALTER TABLE `projects` ENABLE KEYS */;
UNLOCK TABLES;

--
-- Table structure for table `simulation_reports`
--

DROP TABLE IF EXISTS `simulation_reports`;
/*!40101 SET @saved_cs_client     = @@character_set_client */;
/*!50503 SET character_set_client = utf8mb4 */;
CREATE TABLE `simulation_reports` (
  `id` int unsigned NOT NULL AUTO_INCREMENT,
  `name` varchar(255) NOT NULL,
  `project_id` int unsigned NOT NULL,
  `owner_id` int unsigned NOT NULL,
  `base_simulation_id` int unsigned NOT NULL,
  `date_created` timestamp NOT NULL DEFAULT CURRENT_TIMESTAMP,
  `date_modified` timestamp NULL DEFAULT CURRENT_TIMESTAMP ON UPDATE CURRENT_TIMESTAMP,
  PRIMARY KEY (`id`),
  KEY `name` (`name`),
  KEY `project_id` (`project_id`),
  KEY `owner_id` (`owner_id`),
  KEY `base_simulation_id` (`base_simulation_id`),
  CONSTRAINT `simulation_reports_ibfk_1` FOREIGN KEY (`project_id`) REFERENCES `projects` (`id`),
  CONSTRAINT `simulation_reports_ibfk_2` FOREIGN KEY (`owner_id`) REFERENCES `users` (`id`),
  CONSTRAINT `simulation_reports_ibfk_3` FOREIGN KEY (`base_simulation_id`) REFERENCES `simulations` (`id`)
) ENGINE=InnoDB AUTO_INCREMENT=11 DEFAULT CHARSET=utf8mb4 COLLATE=utf8mb4_0900_ai_ci;
/*!40101 SET character_set_client = @saved_cs_client */;

--
-- Dumping data for table `simulation_reports`
--

LOCK TABLES `simulation_reports` WRITE;
/*!40000 ALTER TABLE `simulation_reports` DISABLE KEYS */;
INSERT INTO `simulation_reports` VALUES (1,'F32_Assembly_001',1,4,1,'2022-04-27 21:15:39','2022-04-27 21:15:39'),(2,'RR17_Assembly_001',2,5,2,'2022-04-27 21:15:39','2022-04-27 21:15:39'),(3,'BN15_Assembly_001',3,6,3,'2022-04-27 21:15:39','2022-04-27 21:15:39'),(4,'G99_Assembly_001',4,10,4,'2022-04-27 21:15:39','2022-04-27 21:15:39'),(5,'AU88_Assembly_001',5,4,5,'2022-04-27 21:15:39','2022-04-27 21:15:39'),(6,'F32_Assembly_002',1,4,6,'2022-04-27 21:15:39','2022-04-27 21:15:39'),(7,'RR17_Assembly_002',2,5,7,'2022-04-27 21:15:39','2022-04-27 21:15:39'),(8,'BN15_Assembly_002',3,7,8,'2022-04-27 21:15:39','2022-04-27 21:15:39'),(9,'G99_Assembly_002',4,10,9,'2022-04-27 21:15:39','2022-04-27 21:15:39'),(10,'AU88_Assembly_002',5,4,10,'2022-04-27 21:15:39','2022-04-27 21:15:39');
/*!40000 ALTER TABLE `simulation_reports` ENABLE KEYS */;
UNLOCK TABLES;

--
-- Table structure for table `simulation_statuses`
--

DROP TABLE IF EXISTS `simulation_statuses`;
/*!40101 SET @saved_cs_client     = @@character_set_client */;
/*!50503 SET character_set_client = utf8mb4 */;
CREATE TABLE `simulation_statuses` (
  `id` int unsigned NOT NULL AUTO_INCREMENT,
  `name` varchar(255) NOT NULL,
  PRIMARY KEY (`id`),
  UNIQUE KEY `name` (`name`),
  KEY `name_2` (`name`)
) ENGINE=InnoDB AUTO_INCREMENT=5 DEFAULT CHARSET=utf8mb4 COLLATE=utf8mb4_0900_ai_ci;
/*!40101 SET character_set_client = @saved_cs_client */;

--
-- Dumping data for table `simulation_statuses`
--

LOCK TABLES `simulation_statuses` WRITE;
/*!40000 ALTER TABLE `simulation_statuses` DISABLE KEYS */;
INSERT INTO `simulation_statuses` VALUES (1,'Assembly'),(4,'Finished'),(2,'Pending'),(3,'Running');
/*!40000 ALTER TABLE `simulation_statuses` ENABLE KEYS */;
UNLOCK TABLES;

--
-- Table structure for table `simulations`
--

DROP TABLE IF EXISTS `simulations`;
/*!40101 SET @saved_cs_client     = @@character_set_client */;
/*!50503 SET character_set_client = utf8mb4 */;
CREATE TABLE `simulations` (
  `id` int unsigned NOT NULL AUTO_INCREMENT,
  `name` varchar(255) NOT NULL,
  `description` text,
  `project_id` int unsigned NOT NULL,
  `owner_id` int unsigned NOT NULL,
  `input_deck_id` int unsigned NOT NULL,
  `status_id` int unsigned NOT NULL,
  `date_created` timestamp NOT NULL DEFAULT CURRENT_TIMESTAMP,
  `date_modified` timestamp NULL DEFAULT CURRENT_TIMESTAMP ON UPDATE CURRENT_TIMESTAMP,
  PRIMARY KEY (`id`),
  KEY `name` (`name`),
  KEY `project_id` (`project_id`),
  KEY `owner_id` (`owner_id`),
  KEY `input_deck_id` (`input_deck_id`),
  KEY `status_id` (`status_id`),
  CONSTRAINT `simulations_ibfk_1` FOREIGN KEY (`project_id`) REFERENCES `projects` (`id`),
  CONSTRAINT `simulations_ibfk_2` FOREIGN KEY (`owner_id`) REFERENCES `users` (`id`),
  CONSTRAINT `simulations_ibfk_3` FOREIGN KEY (`input_deck_id`) REFERENCES `input_decks` (`id`),
  CONSTRAINT `simulations_ibfk_4` FOREIGN KEY (`status_id`) REFERENCES `simulation_statuses` (`id`)
) ENGINE=InnoDB AUTO_INCREMENT=11 DEFAULT CHARSET=utf8mb4 COLLATE=utf8mb4_0900_ai_ci;
/*!40101 SET character_set_client = @saved_cs_client */;

--
-- Dumping data for table `simulations`
--

LOCK TABLES `simulations` WRITE;
/*!40000 ALTER TABLE `simulations` DISABLE KEYS */;
INSERT INTO `simulations` VALUES (1,'F32_Assembly_001','Front simulation',1,4,1,4,'2022-04-27 21:15:39','2022-04-27 21:15:39'),(2,'RR17_Assembly_001','Rear simulation',2,5,2,3,'2022-04-27 21:15:39','2022-04-27 21:15:39'),(3,'BN15_Assembly_001','Side simulation',3,6,3,2,'2022-04-27 21:15:39','2022-04-27 21:15:39'),(4,'G99_Assembly_001','Roof simulation',4,10,4,2,'2022-04-27 21:15:39','2022-04-27 21:15:39'),(5,'AU88_Assembly_001','Belt simulation',5,4,5,3,'2022-04-27 21:15:39','2022-04-27 21:15:39'),(6,'F32_Assembly_002','Front simulation',1,4,6,2,'2022-04-27 21:15:39','2022-04-27 21:15:39'),(7,'RR17_Assembly_002','Rear simulation',2,5,7,1,'2022-04-27 21:15:39','2022-04-27 21:15:39'),(8,'BN15_Assembly_002','Side simulation',3,7,8,1,'2022-04-27 21:15:39','2022-04-27 21:15:39'),(9,'G99_Assembly_002','Roof simulation',4,10,9,1,'2022-04-27 21:15:39','2022-04-27 21:15:39'),(10,'AU88_Assembly_002','Belt simulation',5,4,10,1,'2022-04-27 21:15:39','2022-04-27 21:15:39');
/*!40000 ALTER TABLE `simulations` ENABLE KEYS */;
UNLOCK TABLES;

--
-- Table structure for table `submodel_types`
--

DROP TABLE IF EXISTS `submodel_types`;
/*!40101 SET @saved_cs_client     = @@character_set_client */;
/*!50503 SET character_set_client = utf8mb4 */;
CREATE TABLE `submodel_types` (
  `id` int unsigned NOT NULL AUTO_INCREMENT,
  `name` varchar(255) NOT NULL,
  PRIMARY KEY (`id`),
  UNIQUE KEY `name` (`name`),
  KEY `name_2` (`name`)
) ENGINE=InnoDB AUTO_INCREMENT=11 DEFAULT CHARSET=utf8mb4 COLLATE=utf8mb4_0900_ai_ci;
/*!40101 SET character_set_client = @saved_cs_client */;

--
-- Dumping data for table `submodel_types`
--

LOCK TABLES `submodel_types` WRITE;
/*!40000 ALTER TABLE `submodel_types` DISABLE KEYS */;
INSERT INTO `submodel_types` VALUES (4,'BIW'),(2,'Bumper'),(7,'Door'),(5,'Fender'),(9,'Glass'),(6,'Motor'),(1,'Roof'),(10,'Suspension'),(3,'Tailgate'),(8,'Wheels');
/*!40000 ALTER TABLE `submodel_types` ENABLE KEYS */;
UNLOCK TABLES;

--
-- Table structure for table `submodels`
--

DROP TABLE IF EXISTS `submodels`;
/*!40101 SET @saved_cs_client     = @@character_set_client */;
/*!50503 SET character_set_client = utf8mb4 */;
CREATE TABLE `submodels` (
  `id` int unsigned NOT NULL AUTO_INCREMENT,
  `name` varchar(255) NOT NULL,
  `description` text,
  `project_id` int unsigned NOT NULL,
  `owner_id` int unsigned NOT NULL,
  `submodel_types_id` int unsigned NOT NULL,
  `date_created` timestamp NOT NULL DEFAULT CURRENT_TIMESTAMP,
  `date_modified` timestamp NULL DEFAULT CURRENT_TIMESTAMP ON UPDATE CURRENT_TIMESTAMP,
  PRIMARY KEY (`id`),
  KEY `name` (`name`),
  KEY `project_id` (`project_id`),
  KEY `owner_id` (`owner_id`),
  KEY `submodel_types_id` (`submodel_types_id`),
  CONSTRAINT `submodels_ibfk_1` FOREIGN KEY (`project_id`) REFERENCES `projects` (`id`),
  CONSTRAINT `submodels_ibfk_2` FOREIGN KEY (`owner_id`) REFERENCES `users` (`id`),
  CONSTRAINT `submodels_ibfk_3` FOREIGN KEY (`submodel_types_id`) REFERENCES `submodel_types` (`id`)
) ENGINE=InnoDB AUTO_INCREMENT=11 DEFAULT CHARSET=utf8mb4 COLLATE=utf8mb4_0900_ai_ci;
/*!40101 SET character_set_client = @saved_cs_client */;

--
-- Dumping data for table `submodels`
--

LOCK TABLES `submodels` WRITE;
/*!40000 ALTER TABLE `submodels` DISABLE KEYS */;
INSERT INTO `submodels` VALUES (1,'F32_BIW','Completely new',1,1,4,'2022-04-27 21:15:39','2022-04-27 21:15:39'),(2,'RR17_Tailgate','Completely new',2,2,3,'2022-04-27 21:15:39','2022-04-27 21:15:39'),(3,'BN15_Roof','Update',3,3,1,'2022-04-27 21:15:39','2022-04-27 21:15:39'),(4,'G99_Fender','Completely new',4,6,5,'2022-04-27 21:15:39','2022-04-27 21:15:39'),(5,'AU88_Motor','Update',5,8,6,'2022-04-27 21:15:39','2022-04-27 21:15:39'),(6,'F32_Suspension','Completely new',1,4,10,'2022-04-27 21:15:39','2022-04-27 21:15:39'),(7,'RR17_Glass','Completely new',2,5,9,'2022-04-27 21:15:39','2022-04-27 21:15:39'),(8,'BN15_Wheels','Update',3,7,8,'2022-04-27 21:15:39','2022-04-27 21:15:39'),(9,'G99_Door','Completely new',4,10,7,'2022-04-27 21:15:39','2022-04-27 21:15:39'),(10,'AU88_Fender','Update',5,9,5,'2022-04-27 21:15:39','2022-04-27 21:15:39');
/*!40000 ALTER TABLE `submodels` ENABLE KEYS */;
UNLOCK TABLES;

--
-- Table structure for table `user_account`
--

DROP TABLE IF EXISTS `user_account`;
/*!40101 SET @saved_cs_client     = @@character_set_client */;
/*!50503 SET character_set_client = utf8mb4 */;
CREATE TABLE `user_account` (
  `user_id` int unsigned NOT NULL,
  `login` varchar(255) NOT NULL,
  `password_hash` varchar(255) DEFAULT NULL,
  `date_modified` timestamp NULL DEFAULT CURRENT_TIMESTAMP ON UPDATE CURRENT_TIMESTAMP,
  PRIMARY KEY (`user_id`),
  UNIQUE KEY `login` (`login`),
  CONSTRAINT `user_account_ibfk_1` FOREIGN KEY (`user_id`) REFERENCES `users` (`id`)
) ENGINE=InnoDB DEFAULT CHARSET=utf8mb4 COLLATE=utf8mb4_0900_ai_ci;
/*!40101 SET character_set_client = @saved_cs_client */;

--
-- Dumping data for table `user_account`
--

LOCK TABLES `user_account` WRITE;
/*!40000 ALTER TABLE `user_account` DISABLE KEYS */;
INSERT INTO `user_account` VALUES (1,'Petr','81dc9bdb52d04dc20036dbd8313ed051','2022-04-27 21:15:39'),(2,'Ivan','81dc9bdb52d04dc20036dbd8313ed052','2022-04-27 21:15:39'),(3,'Igor','81dc9bdb52d04dc20036dbd8313ed053','2022-04-27 21:15:39'),(4,'Dmitryi','81dc9bdb52d04dc20036dbd8313ed054','2022-04-27 21:15:39'),(5,'Mikhail','81dc9bdb52d04dc20036dbd8313ed055','2022-04-27 21:15:39'),(6,'Alexei','81dc9bdb52d04dc20036dbd8313ed056','2022-04-27 21:15:39'),(7,'Andrei','81dc9bdb52d04dc20036dbd8313ed057','2022-04-27 21:15:39'),(8,'Yurii','81dc9bdb52d04dc20036dbd8313ed055','2022-04-27 21:15:39'),(9,'Pavel','81dc9bdb52d04dc20036dbd8313ed058','2022-04-27 21:15:39'),(10,'Alexander','81dc9bdb52d04dc20036dbd8313ed059','2022-04-27 21:15:39');
/*!40000 ALTER TABLE `user_account` ENABLE KEYS */;
UNLOCK TABLES;

--
-- Table structure for table `user_roles`
--

DROP TABLE IF EXISTS `user_roles`;
/*!40101 SET @saved_cs_client     = @@character_set_client */;
/*!50503 SET character_set_client = utf8mb4 */;
CREATE TABLE `user_roles` (
  `user_id` int unsigned NOT NULL,
  `name` varchar(255) NOT NULL DEFAULT 'Junior',
  `description` text,
  `date_created` timestamp NOT NULL DEFAULT CURRENT_TIMESTAMP,
  `date_modified` timestamp NULL DEFAULT CURRENT_TIMESTAMP ON UPDATE CURRENT_TIMESTAMP,
  PRIMARY KEY (`user_id`),
  CONSTRAINT `user_roles_ibfk_1` FOREIGN KEY (`user_id`) REFERENCES `users` (`id`)
) ENGINE=InnoDB DEFAULT CHARSET=utf8mb4 COLLATE=utf8mb4_0900_ai_ci;
/*!40101 SET character_set_client = @saved_cs_client */;

--
-- Dumping data for table `user_roles`
--

LOCK TABLES `user_roles` WRITE;
/*!40000 ALTER TABLE `user_roles` DISABLE KEYS */;
INSERT INTO `user_roles` VALUES (1,'Junior','Can use submodels','2022-04-27 21:15:39','2022-04-27 21:15:39'),(2,'Junior','Can use submodels','2022-04-27 21:15:39','2022-04-27 21:15:39'),(3,'Junior','Can use submodels','2022-04-27 21:15:39','2022-04-27 21:15:39'),(4,'Senior','Can use submodels, simulations and reports','2022-04-27 21:15:39','2022-04-27 21:15:39'),(5,'Senior','Can use submodels, simulations and reports','2022-04-27 21:15:39','2022-04-27 21:15:39'),(6,'Junior','Can use submodels','2022-04-27 21:15:39','2022-04-27 21:15:39'),(7,'Senior','Can use submodels, simulations and reports','2022-04-27 21:15:39','2022-04-27 21:15:39'),(8,'Middle','Can use submodels and simulations','2022-04-27 21:15:39','2022-04-27 21:15:39'),(9,'Middle','Can use submodels and simulations','2022-04-27 21:15:39','2022-04-27 21:15:39'),(10,'Senior','Can use submodels, simulations and reports','2022-04-27 21:15:39','2022-04-27 21:15:39');
/*!40000 ALTER TABLE `user_roles` ENABLE KEYS */;
UNLOCK TABLES;

--
-- Table structure for table `users`
--

DROP TABLE IF EXISTS `users`;
/*!40101 SET @saved_cs_client     = @@character_set_client */;
/*!50503 SET character_set_client = utf8mb4 */;
CREATE TABLE `users` (
  `id` int unsigned NOT NULL AUTO_INCREMENT,
  `first_name` varchar(255) NOT NULL,
  `last_name` varchar(255) NOT NULL,
  `email` varchar(255) NOT NULL,
  `phone` varchar(12) NOT NULL,
  `active` tinyint(1) NOT NULL DEFAULT '1',
  `date_created` timestamp NOT NULL DEFAULT CURRENT_TIMESTAMP,
  `date_modified` timestamp NULL DEFAULT CURRENT_TIMESTAMP ON UPDATE CURRENT_TIMESTAMP,
  `birth_date` date DEFAULT NULL,
  PRIMARY KEY (`id`),
  UNIQUE KEY `email` (`email`),
  UNIQUE KEY `phone` (`phone`),
  KEY `first_name` (`first_name`,`last_name`)
) ENGINE=InnoDB AUTO_INCREMENT=11 DEFAULT CHARSET=utf8mb4 COLLATE=utf8mb4_0900_ai_ci;
/*!40101 SET character_set_client = @saved_cs_client */;

--
-- Dumping data for table `users`
--

LOCK TABLES `users` WRITE;
/*!40000 ALTER TABLE `users` DISABLE KEYS */;
INSERT INTO `users` VALUES (1,'Petr','Skopin','petr@mail.com','+79219212121',1,'2022-04-27 21:15:39','2022-04-27 21:15:39','1997-12-01'),(2,'Ivan','Martynov','ivan@mail.com','89219212121',1,'2022-04-27 21:15:39','2022-04-27 21:15:39','1987-12-01'),(3,'Igor','Shander','igor@mail.com','+79219212213',1,'2022-04-27 21:15:39','2022-04-27 21:15:39','1977-12-01'),(4,'Dmitryi','Nikolaev','dmitryi@mail.com','+79219212117',1,'2022-04-27 21:15:39','2022-04-27 21:15:39','1967-12-01'),(5,'Mikhail','Aleshin','mikhail@mail.com','+79219212128',1,'2022-04-27 21:15:39','2022-04-27 21:15:39','2007-12-01'),(6,'Alexei','Tarasov','alexei@mail.com','+79219212129',1,'2022-04-27 21:15:39','2022-04-27 21:15:39','2017-12-01'),(7,'Andrei','Vasiliev','andrei@mail.com','+79219212124',1,'2022-04-27 21:15:39','2022-04-27 21:15:39','1997-02-01'),(8,'Yurii','Konoplev','yurii@mail.com','+79219212125',1,'2022-04-27 21:15:39','2022-04-27 21:15:39','1997-08-01'),(9,'Pavel','Churakov','pavel@mail.com','+79219212126',1,'2022-04-27 21:15:39','2022-04-27 21:15:39','1987-02-01'),(10,'Alexander','Olennikov','alexander@mail.com','+79219212151',1,'2022-04-27 21:15:39','2022-04-27 21:15:39','1987-06-01');
/*!40000 ALTER TABLE `users` ENABLE KEYS */;
UNLOCK TABLES;

--
-- Table structure for table `wiki_pages_content`
--

DROP TABLE IF EXISTS `wiki_pages_content`;
/*!40101 SET @saved_cs_client     = @@character_set_client */;
/*!50503 SET character_set_client = utf8mb4 */;
CREATE TABLE `wiki_pages_content` (
  `id` int unsigned NOT NULL AUTO_INCREMENT,
  `wiki_page_name` varchar(255) NOT NULL,
  `content_type` int unsigned NOT NULL,
  `content` text,
  `owner_id` int unsigned NOT NULL,
  `date_created` timestamp NOT NULL DEFAULT CURRENT_TIMESTAMP,
  `date_modified` timestamp NULL DEFAULT CURRENT_TIMESTAMP ON UPDATE CURRENT_TIMESTAMP,
  PRIMARY KEY (`id`),
  KEY `wiki_page_name` (`wiki_page_name`),
  KEY `owner_id` (`owner_id`),
  KEY `content_type` (`content_type`),
  CONSTRAINT `wiki_pages_content_ibfk_1` FOREIGN KEY (`owner_id`) REFERENCES `users` (`id`),
  CONSTRAINT `wiki_pages_content_ibfk_2` FOREIGN KEY (`content_type`) REFERENCES `wiki_pages_type` (`id`)
) ENGINE=InnoDB AUTO_INCREMENT=11 DEFAULT CHARSET=utf8mb4 COLLATE=utf8mb4_0900_ai_ci;
/*!40101 SET character_set_client = @saved_cs_client */;

--
-- Dumping data for table `wiki_pages_content`
--

LOCK TABLES `wiki_pages_content` WRITE;
/*!40000 ALTER TABLE `wiki_pages_content` DISABLE KEYS */;
INSERT INTO `wiki_pages_content` VALUES (1,'Glue modeling',2,'Glue modeling is important',1,'2022-04-27 21:15:39','2022-04-27 21:15:39'),(2,'Glue guide',1,'Glue guide is important',1,'2022-04-27 21:15:39','2022-04-27 21:15:39'),(3,'IT contact',2,'IT contact is important',2,'2022-04-27 21:15:39','2022-04-27 21:15:39'),(4,'Our Experience',2,'Our Experience is important',3,'2022-04-27 21:15:39','2022-04-27 21:15:39'),(5,'European Raiting',2,'European Raiting is important',4,'2022-04-27 21:15:39','2022-04-27 21:15:39'),(6,'FMVSS Regulations',2,'FMVSS Regulation is important',5,'2022-04-27 21:15:39','2022-04-27 21:15:39'),(7,'Video for targets',2,'Video for targets is important',6,'2022-04-27 21:15:39','2022-04-27 21:15:39'),(8,'Purchase order',2,'Purchase order is important',7,'2022-04-27 21:15:39','2022-04-27 21:15:39'),(9,'Glue problem Investigation',2,'Glue problem Investigation is important',1,'2022-04-27 21:15:39','2022-04-27 21:15:39'),(10,'World News',2,'World News is important',8,'2022-04-27 21:15:39','2022-04-27 21:15:39');
/*!40000 ALTER TABLE `wiki_pages_content` ENABLE KEYS */;
UNLOCK TABLES;

--
-- Table structure for table `wiki_pages_type`
--

DROP TABLE IF EXISTS `wiki_pages_type`;
/*!40101 SET @saved_cs_client     = @@character_set_client */;
/*!50503 SET character_set_client = utf8mb4 */;
CREATE TABLE `wiki_pages_type` (
  `id` int unsigned NOT NULL AUTO_INCREMENT,
  `name` varchar(255) NOT NULL,
  PRIMARY KEY (`id`),
  UNIQUE KEY `name` (`name`),
  KEY `name_2` (`name`)
) ENGINE=InnoDB AUTO_INCREMENT=11 DEFAULT CHARSET=utf8mb4 COLLATE=utf8mb4_0900_ai_ci;
/*!40101 SET character_set_client = @saved_cs_client */;

--
-- Dumping data for table `wiki_pages_type`
--

LOCK TABLES `wiki_pages_type` WRITE;
/*!40000 ALTER TABLE `wiki_pages_type` DISABLE KEYS */;
INSERT INTO `wiki_pages_type` VALUES (3,'Contacts'),(4,'Experience'),(1,'Guide'),(9,'Investigation'),(2,'Modeling'),(10,'News'),(8,'Purchase'),(5,'Raitings'),(6,'Regulations'),(7,'Video');
/*!40000 ALTER TABLE `wiki_pages_type` ENABLE KEYS */;
UNLOCK TABLES;
/*!40103 SET TIME_ZONE=@OLD_TIME_ZONE */;

/*!40101 SET SQL_MODE=@OLD_SQL_MODE */;
/*!40014 SET FOREIGN_KEY_CHECKS=@OLD_FOREIGN_KEY_CHECKS */;
/*!40014 SET UNIQUE_CHECKS=@OLD_UNIQUE_CHECKS */;
/*!40101 SET CHARACTER_SET_CLIENT=@OLD_CHARACTER_SET_CLIENT */;
/*!40101 SET CHARACTER_SET_RESULTS=@OLD_CHARACTER_SET_RESULTS */;
/*!40101 SET COLLATION_CONNECTION=@OLD_COLLATION_CONNECTION */;
/*!40111 SET SQL_NOTES=@OLD_SQL_NOTES */;

-- Dump completed on 2022-04-28  0:20:00
